{"cameraMode":{"drawMode":0,"name":"Shaded","section":"Shading Mode"},"sceneLighting":true,"audioPlay":false,"sceneViewState":{"m_AlwaysRefresh":false,"showFog":true,"showSkybox":true,"showFlares":true,"showImageEffects":true,"showParticleSystems":true,"showVisualEffectGraphs":true,"m_FxEnabled":true},"in2DMode":false,"pivot":{"x":-0.3542971611022949,"y":3.0256290435791017,"z":-5.827665328979492},"rotation":{"x":-0.2733491063117981,"y":0.18525128066539765,"z":-0.05372902750968933,"w":-0.9423943758010864},"size":13.202887535095215,"orthographic":false}