{"cameraMode":{"drawMode":0,"name":"Shaded","section":"Shading Mode"},"sceneLighting":true,"audioPlay":false,"sceneViewState":{"m_AlwaysRefresh":false,"showFog":true,"showSkybox":true,"showFlares":true,"showImageEffects":true,"showParticleSystems":true,"showVisualEffectGraphs":true,"m_FxEnabled":true},"in2DMode":false,"pivot":{"x":1.5169944763183594,"y":-3.1372556686401369,"z":0.021406706422567369},"rotation":{"x":-0.10106125473976135,"y":0.8901365399360657,"z":-0.2409071922302246,"w":-0.37340638041496279},"size":11.080606460571289,"orthographic":false}